{
  "project_info": {
    "project_number": "725371822717",
    "project_id": "album-app-min",
    "storage_bucket": "album-app-min.appspot.com"
  },
  "client": [
    {
      "client_info": {
        "mobilesdk_app_id": "1:725371822717:android:28e1f0c5dd96b5675d0714",
        "android_client_info": {
          "package_name": "com.example.album_app"
        }
      },
      "oauth_client": [
        {
          "client_id": "725371822717-fvigpk5qsmi8kga7nder814j11bkn0pt.apps.googleusercontent.com",
          "client_type": 3
        }
      ],
      "api_key": [
        {
          "current_key": "AIzaSyConPWV2qd--EiYoWyj6FULBFUFkBWR50w"
        }
      ],
      "services": {
        "appinvite_service": {
          "other_platform_oauth_client": [
            {
              "client_id": "725371822717-fvigpk5qsmi8kga7nder814j11bkn0pt.apps.googleusercontent.com",
              "client_type": 3
            }
          ]
        }
      }
    }
  ],
  "configuration_version": "1"
}